"tag","freq"
"python",2927
"javascript",2181
"android",884
"java",859
"c#",710
"reactjs",698
"flutter",625
"node.js",531
"php",419
"ios",408
"c++",340
"angular",304
"r",301
"html",300
"amazon-web-services",278
"python-3.x",218
"vue.js",215
"docker",209
"react-native",192
"swift",192
"typescript",190
"azure",165
"git",154
"css",153
"sql",148
"laravel",147
"visual-studio-code",138
"django",129
"mysql",126
"linux",125
"kubernetes",124
"c",123
"powershell",109
"firebase",105
"rust",104
"windows",103
"excel",101
"postgresql",98
"bash",90
"json",82
"spring-boot",82
"macos",77
"go",76
"ruby-on-rails",67
"google-apps-script",66
"mongodb",64
"github",62
"swiftui",61
"visual-studio",60
"google-cloud-platform",59
"sql-server",58
"kotlin",56
"arrays",52
"wordpress",50
"google-sheets",49
"asp.net-core",47
"spring",46
"apache-spark",44
"scala",44
".net",43
"next.js",43
"xcode",40
"azure-devops",39
"tensorflow",39
"ethereum",38
"gitlab",37
"apache-kafka",35
"terraform",34
"unity3d",34
"asp.net",32
"jquery",31
"npm",31
"regex",30
"android-studio",29
"ansible",29
"jenkins",29
"pandas",29
"powerbi",29
"ruby",29
"api",28
"elixir",28
"ubuntu",28
"blazor",27
"database",25
"elasticsearch",25
"snowflake-cloud-data-platform",25
"assembly",24
"blockchain",24
"image",24
"pytorch",24
"dart",23
"graphql",22
"list",22
"algorithm",21
"oracle",21
"solidity",21
"prometheus",20
"ssl",20
"authentication",19
"webpack",19
"xml",19
"android-jetpack-compose",17
"maven",17
"vba",17
"aws-lambda",16
"cmake",16
"google-chrome",16
"lua",16
"nestjs",16
"pine-script",16
"qt",16
"shell",16
"github-actions",15
"material-ui",15
"matlab",15
"vim",15
"apache",14
"arduino",14
"cypress",14
"ffmpeg",14
"jupyter-notebook",14
"nginx",14
"pyspark",14
"ssh",14
"svelte",14
"amazon-s3",13
"microsoft-graph-api",13
"opencv",13
"visual-studio-2019",13
"xamarin",13
".net-core",12
"continuous-integration",12
"debugging",12
"eclipse",12
"latex",12
"machine-learning",12
"batch-file",11
"delphi",11
"discord",11
"gcc",11
"google-bigquery",11
"google-chrome-extension",11
"gradle",11
"heroku",11
"selenium",11
"string",11
"stripe-payments",11
"testing",11
"vuejs2",11
"csv",10
"google-colaboratory",10
"airflow",9
"azure-active-directory",9
"cassandra",9
"curl",9
"email",9
"facebook",9
"google-analytics",9
"google-data-studio",9
"http",9
"jestjs",9
"keras",9
"keycloak",9
"minecraft",9
"nlp",9
"redis",9
"sqlite",9
"tailwind-css",9
"vb.net",9
"bootstrap-4",8
"deep-learning",8
"forms",8
"hadoop",8
"hyperledger-fabric",8
"iis",8
"ionic-framework",8
"markdown",8
"rabbitmq",8
"rest",8
"security",8
"spring-security",8
"apache-superset",7
"asp.net-mvc",7
"azure-ad-b2c",7
"azure-data-factory",7
"caching",7
"codeigniter",7
"cookies",7
"file",7
"flask",7
"google-maps",7
"grafana",7
"intellij-idea",7
"julia",7
"multithreading",7
"numpy",7
"nuxt.js",7
"solana",7
"stm32",7
"swagger",7
"telegram",7
"user-interface",7
"woocommerce",7
"xamarin.forms",7
"yaml",7
"zsh",7
"anaconda",6
"awk",6
"azure-pipelines",6
"electron",6
"expo",6
"express",6
"haskell",6
"inno-setup",6
"installation",6
"networking",6
"oauth-2.0",6
"pdf",6
"performance",6
"reporting-services",6
"sapui5",6
"scikit-learn",6
"terminal",6
"video",6
"vuejs3",6
"vuetify.js",6
"wpf",6
"accessibility",5
"apache-flink",5
"asp.net-web-api",5
"async-await",5
"automation",5
"azure-functions",5
"botframework",5
"certificate",5
"clickhouse",5
"deployment",5
"discord.py",5
"docker-compose",5
"echarts",5
"encryption",5
"function",5
"google-api",5
"internationalization",5
"jira",5
"laravel-8",5
"linux-kernel",5
"mariadb",5
"optimization",5
"pip",5
"playwright",5
"quarkus",5
"raspberry-pi",5
"salesforce",5
"sass",5
"server",5
"sharepoint",5
"storybook",5
"symfony",5
"typo3",5
"unit-testing",5
"verilog",5
"web3js",5
"winapi",5
"windows-10",5
"windows-subsystem-for-linux",5
"zoho",5
"ajax",4
"amazon-cloudformation",4
"amazon-ec2",4
"angularjs",4
"apache-nifi",4
"applescript",4
"audio",4
"aws-glue",4
"axios",4
"cloud",4
"command-line",4
"cordova",4
"cryptography",4
"dataframe",4
"date",4
"docusignapi",4
"drupal",4
"emacs",4
"erlang",4
"file-upload",4
"flutter-web",4
"fonts",4
"godot",4
"graph",4
"here-api",4
"hibernate",4
"if-statement",4
"jmeter",4
"jupyter",4
"kdb",4
"kubernetes-helm",4
"logging",4
"loops",4
"memory",4
"module",4
"ms-access",4
"oauth",4
"outlook",4
"postman",4
"pycharm",4
"recursion",4
"shopify",4
"slack",4
"sonarqube",4
"tcp",4
"three.js",4
"tomcat",4
"twitter-bootstrap",4
"typeorm",4
"url",4
"view",4
"web",4
"web-scraping",4
"web-services",4
"xampp",4
"active-directory",3
"admob",3
"amazon-cognito",3
"amazon-eks",3
"amazon-redshift",3
"animation",3
"antd",3
"apollo-server",3
"arm",3
"asynchronous",3
"autodesk-forge",3
"automated-tests",3
"avro",3
"azure-data-factory-2",3
"browser",3
"celery",3
"centos7",3
"ceph",3
"chart.js",3
"class",3
"concurrency",3
"content-security-policy",3
"cryptocurrency",3
"d3.js",3
"databricks",3
"django-rest-framework",3
"ecmascript-6",3
"entity-framework-core",3
"error-handling",3
"eslint",3
"events",3
"facebook-graph-api",3
"floating-point",3
"ftp",3
"g++",3
"github-api",3
"google-app-engine",3
"google-calendar-api",3
"google-chrome-devtools",3
"google-cloud-run",3
"google-drive-api",3
"grpc",3
"hash",3
"https",3
"huawei-mobile-services",3
"huggingface-transformers",3
"import",3
"jboss",3
"jdbc",3
"jwt",3
"makefile",3
"math",3
"matrix",3
"moodle",3
"mqtt",3
"msbuild",3
"neo4j",3
"openapi",3
"paypal",3
"pgadmin-4",3
"phpstorm",3
"plantuml",3
"popup",3
"primeng",3
"printing",3
"prisma",3
"prolog",3
"python-2.7",3
"r-exams",3
"redirect",3
"redux",3
"sas",3
"sparql",3
"splunk",3
"sqlalchemy",3
"swagger-ui",3
"triggers",3
"twilio",3
"validation",3
"web-component",3
"webrtc",3
"xpath",3
"yarnpkg",3
"yocto",3
"youtube-api",3
".net-5",2
"abap",2
"adobe",2
"agora.io",2
"amazon-ecs",2
"android-emulator",2
"android-recyclerview",2
"androidx",2
"apache-kafka-streams",2
"apache-spark-sql",2
"apexcharts",2
"app-store-connect",2
"appium",2
"architecture",2
"arm64",2
"artificial-intelligence",2
"atlassian-sourcetree",2
"atom-editor",2
"authorization",2
"aws-cdk",2
"aws-codebuild",2
"azure-blob-storage",2
"azure-devops-migration-tools",2
"azure-logic-apps",2
"azure-web-app-service",2
"bazel",2
"bootstrap-5",2
"bots",2
"build",2
"button",2
"cakephp",2
"capl",2
"chromium",2
"circleci",2
"clang",2
"clipboard",2
"clojure",2
"clojurescript",2
"cmd",2
"codenameone",2
"colors",2
"command",2
"command-line-interface",2
"compression",2
"conda",2
"configuration",2
"conv-neural-network",2
"couchdb",2
"cron",2
"cuda",2
"custom-element",2
"cypher",2
"dashboard",2
"datagrid",2
"datepicker",2
"datetime",2
"dbt",2
"debian",2
"dependency-injection",2
"dialogflow-cx",2
"dialogflow-es",2
"discord.js",2
"docusaurus",2
"driver",2
"dynamics-crm",2
"embedded-linux",2
"entity-framework",2
"enums",2
"environment-variables",2
"esbuild",2
"esp32",2
"esp8266",2
"exception",2
"firefox",2
"flutter-layout",2
"for-loop",2
"formatting",2
"gatsby",2
"gdb",2
"gerrit",2
"google-cloud-functions",2
"google-cloud-ml",2
"google-cloud-spanner",2
"google-kubernetes-engine",2
"google-sheets-api",2
"google-signin",2
"google-tag-manager",2
"gpu",2
"graphviz",2
"gstreamer",2
"gtsummary",2
"hashicorp-vault",2
"highcharts",2
"hive",2
"hugo",2
"indexing",2
"influxdb",2
"instagram",2
"ipfs",2
"ipython",2
"istio",2
"java-8",2
"joi",2
"jsf",2
"junit",2
"karate",2
"kivy",2
"kubectl",2
"kubernetes-ingress",2
"laravel-7",2
"leaflet",2
"lighthouse",2
"liquibase",2
"magento",2
"magento2",2
"mapbox-gl-js",2
"masstransit",2
"mediapipe",2
"micronaut",2
"microsoft-teams",2
"mlflow",2
"mobile",2
"mocha.js",2
"mockito",2
"mongoose",2
"monitoring",2
"mule",2
"named-entity-recognition",2
"nativescript",2
"neovim",2
"netlify",2
"npm-install",2
"nuget",2
"objective-c",2
"odoo",2
"office365",2
"oop",2
"open-policy-agent",2
"openshift",2
"oracle-apex",2
"oracle-sqldeveloper",2
"perl",2
"permissions",2
"plotly-dash",2
"pm2",2
"postgis",2
"proxy",2
"puppeteer",2
"python-3.8",2
"quill",2
"raku",2
"react-admin",2
"react-apollo",2
"react-router",2
"regression",2
"relational-database",2
"replace",2
"robotframework",2
"ros",2
"runtime",2
"rxjs",2
"sap-commerce-cloud",2
"scheme",2
"scipy",2
"scripting",2
"sendgrid",2
"sequelize.js",2
"serialization",2
"serverless-framework",2
"session",2
"signalr",2
"slack-api",2
"slurm",2
"snmp",2
"solr",2
"sorting",2
"spring-webflux",2
"stata",2
"strapi",2
"svg",2
"swift-package-manager",2
"tabs",2
"tcl",2
"templates",2
"text",2
"thingsboard",2
"ti-basic",2
"tkinter",2
"tree",2
"twitter",2
"types",2
"ubuntu-18.04",2
"ubuntu-20.04",2
"uml",2
"usb",2
"vaadin",2
"vagrant",2
"variables",2
"video-processing",2
"video-streaming",2
"virtual-machine",2
"visual-studio-2017",2
"vpn",2
"vscode-extensions",2
"vue-component",2
"webdriver-io",2
"webhooks",2
"websocket",2
"windows-terminal",2
"winforms",2
"wireshark",2
"wsl-2",2
"x86",2
"xaml",2
"youtube",2
"youtube-dl",2
".htaccess",1
"4d-database",1
"acrobat",1
"activemq-artemis",1
"acumatica",1
"adb",1
"advanced-custom-fields",1
"aem",1
"aframe",1
"ag-grid-angular",1
"aggregate",1
"aircrack-ng",1
"alfresco",1
"altair",1
"altium-designer",1
"amazon-cloudfront",1
"amazon-cloudwatch",1
"amazon-dynamodb",1
"amazon-iam",1
"amazon-kinesis",1
"amazon-neptune",1
"amazon-personalize",1
"amazon-quicksight",1
"amazon-sagemaker",1
"amazon-sqs",1
"amazon-timestream",1
"amcharts",1
"android-12",1
"android-automotive",1
"android-drawable-importer",1
"android-facebook",1
"android-jetpack",1
"android-security",1
"android-source",1
"android-viewmodel",1
"angular-cli",1
"angular6",1
"angular8",1
"answer-set-programming",1
"antlr",1
"apache-beam",1
"apache-hudi",1
"apache-kafka-mirrormaker",1
"app-inventor",1
"appium-ios",1
"apple-m1",1
"applepay",1
"apt",1
"archlinux",1
"archunit",1
"argocd",1
"arraylist",1
"asp.net-core-3.1",1
"asp.net-core-mvc",1
"asp.net-core-webapi",1
"aspnetboilerplate",1
"aspose",1
"assertion",1
"authzforce",1
"autogen",1
"autohotkey",1
"automata",1
"avaloniaui",1
"avaya",1
"awesome-wm",1
"aws-amplify",1
"aws-cli",1
"aws-cloudwatch-log-insights",1
"aws-load-balancer",1
"aws-policies",1
"azerothcore",1
"azure-cloud-shell",1
"azure-data-explorer",1
"azure-powershell",1
"azure-rbac",1
"azure-resource-manager",1
"azure-rm",1
"azure-static-web-app",1
"azure-storage",1
"azure-virtual-network",1
"azureservicebus",1
"background",1
"bamboo",1
"bar-chart",1
"bdd",1
"behance-api",1
"benchmarking",1
"bevy",1
"bi-publisher",1
"binance",1
"binary",1
"binding",1
"bing-translator-api",1
"bit-manipulation",1
"bitbucket",1
"bitbucket-pipelines",1
"bitcoinjs-lib",1
"bitmap",1
"biztalk",1
"blazor-client-side",1
"blazor-server-side",1
"blazor-webassembly",1
"blender",1
"bloom-filter",1
"blpapi",1
"bluetooth",1
"bot-framework-composer",1
"boto3",1
"browserify",1
"buildpack",1
"bulletphysics",1
"bulma",1
"c#-9.0",1
"c++builder",1
"cad",1
"cadence-workflow",1
"camera",1
"caniuse",1
"canvas",1
"capacitor",1
"carousel",1
"casting",1
"centos",1
"centreon-api",1
"chakra-ui",1
"checkbox",1
"chrome-canary",1
"cisco-ios",1
"ckeditor",1
"clang-format",1
"clarifai",1
"clojure-core.logic",1
"closures",1
"cloudflare",1
"cocoapods",1
"code-documentation",1
"codeception",1
"codeigniter-4",1
"codesandbox",1
"codesniffer",1
"command-line-arguments",1
"common-lisp",1
"compilation",1
"compiler-errors",1
"composer-php",1
"computer-science",1
"computer-vision",1
"conemu",1
"confluence",1
"consensus",1
"constraints",1
"containers",1
"content-management-system",1
"context-free-grammar",1
"coq",1
"corda",1
"craftcms",1
"crash",1
"crashlytics",1
"crm",1
"cs50",1
"curve-fitting",1
"custom-data-attribute",1
"cygwin",1
"cython",1
"cytoscape.js",1
"dafny",1
"dagger-2",1
"dapper",1
"dask",1
"data-modeling",1
"data-visualization",1
"database-design",1
"database-migration",1
"datadog",1
"datatable",1
"datatables",1
"dataweave",1
"dax",1
"dbeaver",1
"ddev",1
"debezium",1
"deck.gl",1
"default",1
"delay",1
"delphi-10.2-tokyo",1
"demandware",1
"deno",1
"denodo",1
"dependencies",1
"derby",1
"design-patterns",1
"desktop-application",1
"device",1
"device-tree",1
"devise",1
"devops",1
"diagram",1
"dialog",1
"diem",1
"django-filter",1
"django-models",1
"docsify",1
"dom",1
"dom-events",1
"domain-driven-design",1
"download",1
"dpdk",1
"drag-and-drop",1
"driverless-ai",1
"drools",1
"drop-down-menu",1
"drupal-8",1
"dymo",1
"dynamic",1
"ebay-api",1
"edsdk",1
"ef-core-3.1",1
"egl",1
"ehcache",1
"elasticsearch-6",1
"elf",1
"eloquent",1
"embedded-database",1
"emeditor",1
"emmet",1
"encoding",1
"entity-framework-6",1
"entity-framework-migrations",1
"entitymanager",1
"envoyproxy",1
"erpnext",1
"esoteric-languages",1
"etl",1
"eval",1
"event-log",1
"exe",1
"exoplayer2.x",1
"extract",1
"f#",1
"face-detection",1
"facebook-login",1
"facebook-prophet",1
"fail2ban",1
"fastapi",1
"fedora",1
"fft",1
"field",1
"figma",1
"filesystems",1
"filter",1
"firebase-authentication",1
"firebase-cloud-messaging",1
"firebase-realtime-database",1
"firemonkey",1
"firmware",1
"fiware-orion",1
"fix-protocol",1
"flatbuffers",1
"flexbox",1
"focus",1
"font-awesome",1
"forall",1
"fox-toolkit",1
"framer-motion",1
"framerjs",1
"freepascal",1
"fullcalendar",1
"functional-programming",1
"gam",1
"game-development",1
"game-physics",1
"gcloud",1
"gdprconsentform",1
"geo",1
"geogebra",1
"geolocation",1
"gesture",1
"get",1
"geth",1
"git-bash",1
"github-pages",1
"gitlab-ci",1
"gitops",1
"glsl",1
"gmail",1
"gmail-api",1
"gn",1
"gnupg",1
"gnuplot",1
"go-ethereum",1
"google-admin-sdk",1
"google-aiy",1
"google-analytics-api",1
"google-api-nodejs-client",1
"google-cloud-bigtable",1
"google-cloud-build",1
"google-cloud-dataflow",1
"google-cloud-firestore",1
"google-cloud-pubsub",1
"google-cloud-storage",1
"google-contacts-api",1
"google-forms",1
"google-groups",1
"google-oauth",1
"google-play",1
"google-play-console",1
"google-sheets-formula",1
"gpgpu",1
"graphdb",1
"graphics",1
"griddb",1
"groovy",1
"grpc-c++",1
"grpc-java",1
"grpc-python",1
"grpc-web",1
"gsap",1
"gulp",1
"gunicorn",1
"guzzle",1
"h3",1
"handbrake",1
"handlebars.js",1
"hangouts-chat",1
"haproxy",1
"heroku-cli",1
"hsqldb",1
"html-email",1
"html5-video",1
"htmx",1
"http-status-code-404",1
"httpie",1
"httplib2",1
"hydra",1
"hyperledger",1
"i2c",1
"ibm-integration-bus",1
"icloud",1
"icons",1
"icu",1
"identityserver4",1
"iframe",1
"image-processing",1
"image-segmentation",1
"imagemagick",1
"imdb",1
"impersonation",1
"importerror",1
"in-app-purchase",1
"include",1
"influxdb-2",1
"init",1
"integer",1
"integration-testing",1
"internet-explorer",1
"ioc-container",1
"iot",1
"ip-geolocation",1
"ipmi",1
"istanbul",1
"jaas",1
"jackson",1
"jakarta-ee",1
"javafx",1
"jax-rs",1
"jax-ws",1
"jbpm",1
"jekyll",1
"jenkins-pipeline",1
"jetbrains-ide",1
"jfrog-xray",1
"jitsi",1
"journal",1
"jpa",1
"jqgrid",1
"jsdoc",1
"json.net",1
"jsonpath",1
"jsp",1
"jspdf",1
"jupyter-lab",1
"jvm",1
"jwilder-nginx-proxy",1
"kaios",1
"kate",1
"kendo-ui",1
"kendo-ui-angular2",1
"keyboard",1
"kibana",1
"knex.js",1
"kong",1
"konvajs",1
"kotlin-coroutines",1
"kotlinpoet",1
"ktor",1
"kubernetes-dashboard",1
"label",1
"labelimg",1
"lambda",1
"language-agnostic",1
"laravel-5",1
"laravel-5.8",1
"laravel-backpack",1
"laravel-blade",1
"lets-encrypt",1
"libreoffice",1
"lightgbm",1
"linkedin",1
"linux-mint",1
"lisp",1
"listview",1
"liveserver",1
"llvm",1
"llvm-ir",1
"lmdb",1
"localhost",1
"localization",1
"localstack",1
"locust",1
"log4net",1
"logstash",1
"loopbackjs",1
"lora",1
"ls",1
"lxc",1
"macos-big-sur",1
"macros",1
"mailjet",1
"mamp",1
"mapbox",1
"mapstruct",1
"matplotlib",1
"matrix-multiplication",1
"matter.js",1
"maya",1
"mediastore",1
"medium.com-publishing-api",1
"memory-management",1
"merge",1
"meshlab",1
"meson-build",1
"metadata",1
"methods",1
"mfc",1
"microcontroller",1
"micrometer",1
"microservices",1
"microsoft-edge",1
"midi",1
"mime-types",1
"minio",1
"mips",1
"mkdocs",1
"ml.net",1
"model",1
"model-view-controller",1
"monaco-editor",1
"multi-tenant",1
"multidimensional-array",1
"multilingual",1
"multiple-monitors",1
"mutt",1
"mvvm",1
"mysql-8.0",1
"mysql-workbench",1
"naming-conventions",1
"nancy",1
"nao-robot",1
"nasm",1
"navigation",1
"nerdtree",1
"netbeans",1
"networkx",1
"neural-network",1
"newline",1
"nft",1
"ng-bootstrap",1
"ngrok",1
"nim-lang",1
"nintex-workflow",1
"nltk",1
"node-red",1
"nodes",1
"notion-api",1
"nrules",1
"nsis",1
"nunjucks",1
"nvidia",1
"nvm",1
"object",1
"ocaml",1
"ocr",1
"octave",1
"oculusquest",1
"odata",1
"odbc",1
"odoo-13",1
"office-js",1
"okta",1
"onesignal",1
"opc-ua",1
"openedge",1
"opengl",1
"openlayers",1
"openmdao",1
"openrefine",1
"openssl",1
"openstack",1
"opentok",1
"opentracing",1
"openvpn",1
"openxava",1
"operating-system",1
"optuna",1
"oracle-cloud-infrastructure",1
"oracle19c",1
"orientdb",1
"orm",1
"out-of-memory",1
"output",1
"package",1
"package.json",1
"packet",1
"pact",1
"pagespeed",1
"parcel",1
"parquet",1
"parse-platform",1
"passenger",1
"passwords",1
"path",1
"payload",1
"payment-gateway",1
"payment-processing",1
"pgadmin",1
"php-7.4",1
"phpmailer",1
"pimcore",1
"pipeline",1
"pivot",1
"plc",1
"plot",1
"plotly",1
"plpgsql",1
"podman",1
"port",1
"post",1
"power-automate",1
"powerapps",1
"preact",1
"presto",1
"prettier",1
"private-key",1
"progressive-web-apps",1
"protocol-buffers",1
"protocols",1
"publish-subscribe",1
"pure-react-carousel",1
"push-notification",1
"pyautogui",1
"pyenv",1
"pygame",1
"pymongo",1
"pyqt",1
"pysdl2",1
"pytest",1
"python-3.6",1
"python-annoy",1
"python-appium",1
"python-imaging-library",1
"python-requests",1
"python-telegram-bot",1
"python-typing",1
"pythonanywhere",1
"qemu",1
"qr-code",1
"qt-creator",1
"quantum-computing",1
"query-builder",1
"query-performance",1
"r-markdown",1
"ray",1
"razor",1
"razorpay",1
"react-bootstrap",1
"react-hook-form",1
"react-leaflet",1
"react-native-tab-view",1
"react-native-ui-kitten",1
"react-query",1
"react-testing-library",1
"react-three-fiber",1
"react-virtualized",1
"react-window",1
"reactive",1
"realm",1
"recaptcha",1
"redux-form",1
"reflection",1
"regular-language",1
"remix",1
"rename",1
"report",1
"reporting",1
"request",1
"resize",1
"responsive",1
"resteasy",1
"restore",1
"restructuredtext",1
"retool",1
"retrofit",1
"retrofit2",1
"reverse-engineering",1
"reverse-proxy",1
"revit-api",1
"rhel8",1
"row",1
"rspec",1
"ruby-on-rails-5",1
"runtime-error",1
"rust-cargo",1
"rx-java",1
"saas",1
"safari",1
"samesite",1
"save",1
"sbt",1
"scapy",1
"schedule",1
"scrapy",1
"screensharing",1
"scroll",1
"scrollview",1
"sdk",1
"sdn",1
"search",1
"sed",1
"select",1
"selenium-webdriver",1
"semantic-release",1
"semantic-ui-react",1
"sequence-alignment",1
"sftp",1
"sgx",1
"sh",1
"shader",1
"shared-libraries",1
"sharepoint-online",1
"shopify-api",1
"shopware",1
"shortcut",1
"siebel",1
"sift",1
"sikuli",1
"sim800",1
"simd",1
"simulation",1
"skiasharp",1
"slider",1
"smallbasic",1
"smartcontracts",1
"snort",1
"socket.io",1
"sockets",1
"solver",1
"spartacus-storefront",1
"speech-recognition",1
"speech-to-text",1
"spf",1
"spotify",1
"spring-boot-actuator",1
"spring-cloud",1
"spring-cloud-feign",1
"spring-cloud-loadbalancer",1
"spring-cloud-stream",1
"spring-data",1
"spring-data-jpa",1
"spring-kafka",1
"spring-restdocs",1
"springdoc",1
"sprite",1
"squarespace",1
"ssas",1
"ssis",1
"stackexchange-api",1
"stream",1
"struct",1
"stylegan",1
"sublimetext3",1
"suitescript",1
"svelte-3",1
"sveltekit",1
"svn",1
"sweetalert2",1
"swift5",1
"swiper.js",1
"sympy",1
"syntax-error",1
"syntax-highlighting",1
"syntaxhighlighter",1
"systemd",1
"tags",1
"tar",1
"tekton",1
"telerik",1
"tendermint",1
"tensorflow-datasets",1
"testcontainers",1
"textures",1
"tf.keras",1
"tfs",1
"thymeleaf",1
"ti-nspire",1
"timeout",1
"timescaledb",1
"timestamp",1
"timezone",1
"tinymce",1
"tls1.2",1
"todoist",1
"token",1
"tracking",1
"trading",1
"trust",1
"twig",1
"typeerror",1
"typo3-8.x",1
"uber-api",1
"ubuntu-19.04",1
"umbraco",1
"undefined",1
"unix",1
"uno-platform",1
"unreal-engine4",1
"upload",1
"upsetr",1
"utf-8",1
"uwamp",1
"vcpkg",1
"vector",1
"vega",1
"vega-lite",1
"vercel",1
"version",1
"version-control",1
"vhdl",1
"victory-charts",1
"virtual",1
"visual-c++",1
"visual-studio-2022",1
"vite",1
"vmware",1
"voiceover",1
"vscode-settings",1
"vuex",1
"watson-knowledge-catalog",1
"wcf",1
"web-scraping-language",1
"webapi",1
"webassembly",1
"webdrivermanager-java",1
"webforms",1
"webgl",1
"weblogic12c",1
"webpack-5",1
"webpack-dev-server",1
"webserver",1
"webview",1
"wheelnav.js",1
"widgetkit",1
"wifi",1
"wildfly",1
"window",1
"windows-installer",1
"windows-server-2012-r2",1
"wix",1
"workflow",1
"wso2",1
"x509",1
"x509certificate",1
"xamarin.android",1
"xamarin.ios",1
"xdebug",1
"youtube-data-api",1
"youtube-iframe-api",1
"yq",1
"yubico",1
"zooming",1
